source,scraped_at,url,sku,title,image_url,price,currency,category,price_source,locale,store_id,product_id,bundle_id,reference,display_reference,color_id,color_name,size_name,size_id,partnumber,availability,is_buyable,back_soon,original_price,discount_pct,discount_source,promotion_id,section,family,subfamily,grid_id,related_categories,country_of_origin,page,row_index
bershka.com,2026-09-20T13:19:08.021198+00:00,https://www.bershka.com/gb/mini-halter-openneck-dress-c0p229723058.html,229704534,Halter open neckline dress,https://static.bershka.net/4/photos2/2026/I/0/1/p/2624/173/800/2624173800_1_1_0.jpg?ts=1777282529342,11.49,GBP,WOMEN / SALE / Bershka / Dresses and jumpsuits,api-size,gb,44009506,229723058,229704528,02624173-I2026,2624/173,800,Black,XS,101,0262417380001-I2026,InStock,True,False,22.99,50.0,api,39854,WOMEN,Dresses,Dresses,87687eba-fdc3-4348-8570-972923c68698,,TURKEY,1,1
bershka.com,2026-09-20T13:19:08.021259+00:00,https://www.bershka.com/gb/mini-halter-openneck-dress-c0p229723058.html,229704533,Halter open neckline dress,https://static.bershka.net/4/photos2/2026/I/0/1/p/2624/173/800/2624173800_1_1_0.jpg?ts=1777282529342,11.49,GBP,WOMEN / SALE / Bershka / Dresses and jumpsuits,api-size,gb,44009506,229723058,229704528,02624173-I2026,2624/173,800,Black,S,102,0262417380002-I2026,InStock,True,False,22.99,50.0,api,39854,WOMEN,Dresses,Dresses,87687eba-fdc3-4348-8570-972923c68698,,TURKEY,1,2
bershka.com,2026-09-20T13:19:08.021290+00:00,https://www.bershka.com/gb/mini-halter-openneck-dress-c0p229723058.html,229704536,Halter open neckline dress,https://static.bershka.net/4/photos2/2026/I/0/1/p/2624/173/800/2624173800_1_1_0.jpg?ts=1777282529342,11.49,GBP,WOMEN / SALE / Bershka / Dresses and jumpsuits,api-size,gb,44009506,229723058,229704528,02624173-I2026,2624/173,800,Black,M,103,0262417380003-I2026,InStock,True,False,22.99,50.0,api,39854,WOMEN,Dresses,Dresses,87687eba-fdc3-4348-8570-972923c68698,,TURKEY,1,3
bershka.com,2026-09-20T13:19:08.021314+00:00,https://www.bershka.com/gb/mini-halter-openneck-dress-c0p229723058.html,229704535,Halter open neckline dress,https://static.bershka.net/4/photos2/2026/I/0/1/p/2624/173/800/2624173800_1_1_0.jpg?ts=1777282529342,11.49,GBP,WOMEN / SALE / Bershka / Dresses and jumpsuits,api-size,gb,44009506,229723058,229704528,02624173-I2026,2624/173,800,Black,L,104,0262417380004-I2026,InStock,True,False,22.99,50.0,api,39854,WOMEN,Dresses,Dresses,87687eba-fdc3-4348-8570-972923c68698,,TURKEY,1,4
bershka.com,2026-09-20T13:19:08.021338+00:00,https://www.bershka.com/gb/mini-halter-openneck-dress-c0p229723058.html,229704539,Halter open neckline dress,https://static.bershka.net/4/photos2/2026/I/0/1/p/2624/173/712/2624173712_1_1_0.jpg?ts=1779288184737,22.99,GBP,WOMEN / SALE / Bershka / Dresses and jumpsuits,api-size,gb,44009506,229723058,229704528,02624173-I2026,2624/173,712,Cream,XS,101,0262417371201-I2026,InStock,True,False,,,,,WOMEN,Dresses,Dresses,87687eba-fdc3-4348-8570-972923c68698,,TURKEY,1,5
bershka.com,2026-09-20T13:19:08.021362+00:00,https://www.bershka.com/gb/mini-halter-openneck-dress-c0p229723058.html,229704537,Halter open neckline dress,https://static.bershka.net/4/photos2/2026/I/0/1/p/2624/173/712/2624173712_1_1_0.jpg?ts=1779288184737,22.99,GBP,WOMEN / SALE / Bershka / Dresses and jumpsuits,api-size,gb,44009506,229723058,229704528,02624173-I2026,2624/173,712,Cream,S,102,0262417371202-I2026,InStock,True,False,,,,,WOMEN,Dresses,Dresses,87687eba-fdc3-4348-8570-972923c68698,,TURKEY,1,6
bershka.com,2026-09-20T13:19:08.021382+00:00,https://www.bershka.com/gb/mini-halter-openneck-dress-c0p229723058.html,229704531,Halter open neckline dress,https://static.bershka.net/4/photos2/2026/I/0/1/p/2624/173/712/2624173712_1_1_0.jpg?ts=1779288184737,22.99,GBP,WOMEN / SALE / Bershka / Dresses and jumpsuits,api-size,gb,44009506,229723058,229704528,02624173-I2026,2624/173,712,Cream,M,103,0262417371203-I2026,InStock,True,False,,,,,WOMEN,Dresses,Dresses,87687eba-fdc3-4348-8570-972923c68698,,TURKEY,1,7
bershka.com,2026-09-20T13:19:08.021401+00:00,https://www.bershka.com/gb/mini-halter-openneck-dress-c0p229723058.html,229704529,Halter open neckline dress,https://static.bershka.net/4/photos2/2026/I/0/1/p/2624/173/712/2624173712_1_1_0.jpg?ts=1779288184737,22.99,GBP,WOMEN / SALE / Bershka / Dresses and jumpsuits,api-size,gb,44009506,229723058,229704528,02624173-I2026,2624/173,712,Cream,L,104,0262417371204-I2026,InStock,True,False,,,,,WOMEN,Dresses,Dresses,87687eba-fdc3-4348-8570-972923c68698,,TURKEY,1,8
bershka.com,2026-09-20T13:19:08.021431+00:00,https://www.bershka.com/gb/mini-halter-openneck-dress-c0p229723058.html,229704540,Halter open neckline dress,https://static.bershka.net/4/photos2/2026/I/0/1/p/2624/173/972/2624173972_1_1_0.jpg?ts=1776872176084,22.99,GBP,WOMEN / SALE / Bershka / Dresses and jumpsuits,api-size,gb,44009506,229723058,229704528,02624173-I2026,2624/173,972,Red,XS,101,0262417397201-I2026,InStock,True,False,,,,,WOMEN,Dresses,Dresses,87687eba-fdc3-4348-8570-972923c68698,,TURKEY,1,9
bershka.com,2026-09-20T13:19:08.021452+00:00,https://www.bershka.com/gb/mini-halter-openneck-dress-c0p229723058.html,229704538,Halter open neckline dress,https://static.bershka.net/4/photos2/2026/I/0/1/p/2624/173/972/2624173972_1_1_0.jpg?ts=1776872176084,22.99,GBP,WOMEN / SALE / Bershka / Dresses and jumpsuits,api-size,gb,44009506,229723058,229704528,02624173-I2026,2624/173,972,Red,S,102,0262417397202-I2026,InStock,True,False,,,,,WOMEN,Dresses,Dresses,87687eba-fdc3-4348-8570-972923c68698,,TURKEY,1,10
bershka.com,2026-09-20T13:19:08.021471+00:00,https://www.bershka.com/gb/mini-halter-openneck-dress-c0p229723058.html,229704532,Halter open neckline dress,https://static.bershka.net/4/photos2/2026/I/0/1/p/2624/173/972/2624173972_1_1_0.jpg?ts=1776872176084,22.99,GBP,WOMEN / SALE / Bershka / Dresses and jumpsuits,api-size,gb,44009506,229723058,229704528,02624173-I2026,2624/173,972,Red,M,103,0262417397203-I2026,InStock,True,False,,,,,WOMEN,Dresses,Dresses,87687eba-fdc3-4348-8570-972923c68698,,TURKEY,1,11
bershka.com,2026-09-20T13:19:08.021491+00:00,https://www.bershka.com/gb/mini-halter-openneck-dress-c0p229723058.html,229704530,Halter open neckline dress,https://static.bershka.net/4/photos2/2026/I/0/1/p/2624/173/972/2624173972_1_1_0.jpg?ts=1776872176084,22.99,GBP,WOMEN / SALE / Bershka / Dresses and jumpsuits,api-size,gb,44009506,229723058,229704528,02624173-I2026,2624/173,972,Red,L,104,0262417397204-I2026,InStock,True,False,,,,,WOMEN,Dresses,Dresses,87687eba-fdc3-4348-8570-972923c68698,,TURKEY,1,12
bershka.com,2026-09-20T13:19:08.021533+00:00,https://www.bershka.com/gb/lace-strap-midi-dress-c0p229723104.html,229704952,Lace strap midi dress,https://static.bershka.net/4/photos2/2026/I/0/1/p/1218/714/605/1218714605_2_1_0.jpg?ts=1783522653811,14.99,GBP,WOMEN / SALE / Bershka / Dresses and jumpsuits,api-size,gb,44009506,229723104,229704964,01218714-I2026,1218/714,605,Burgundy,XS,101,0121872960501-I2026,InStock,True,False,29.99,50.0,api,39854,WOMEN,Dresses,Dresses,87687eba-fdc3-4348-8570-972923c68698,Dresses and Jumpsuits | Long | Midi | Black dresses,MAINLAND CHINA,1,13
bershka.com,2026-09-20T13:19:08.021558+00:00,https://www.bershka.com/gb/lace-strap-midi-dress-c0p229723104.html,229704969,Lace strap midi dress,https://static.bershka.net/4/photos2/2026/I/0/1/p/1218/714/605/1218714605_2_1_0.jpg?ts=1783522653811,14.99,GBP,WOMEN / SALE / Bershka / Dresses and jumpsuits,api-size,gb,44009506,229723104,229704964,01218714-I2026,1218/714,605,Burgundy,XS,101,0121871460501-I2026,InStock,True,False,29.99,50.0,api,39854,WOMEN,Dresses,Dresses,87687eba-fdc3-4348-8570-972923c68698,Dresses and Jumpsuits | Long | Midi | Black dresses,CAMBODIA,1,14
bershka.com,2026-09-20T13:19:08.021580+00:00,https://www.bershka.com/gb/lace-strap-midi-dress-c0p229723104.html,229704954,Lace strap midi dress,https://static.bershka.net/4/photos2/2026/I/0/1/p/1218/714/605/1218714605_2_1_0.jpg?ts=1783522653811,14.99,GBP,WOMEN / SALE / Bershka / Dresses and jumpsuits,api-size,gb,44009506,229723104,229704964,01218714-I2026,1218/714,605,Burgundy,S,102,0121872960502-I2026,InStock,True,False,29.99,50.0,api,39854,WOMEN,Dresses,Dresses,87687eba-fdc3-4348-8570-972923c68698,Dresses and Jumpsuits | Long | Midi | Black dresses,MAINLAND CHINA,1,15
bershka.com,2026-09-20T13:19:08.021602+00:00,https://www.bershka.com/gb/lace-strap-midi-dress-c0p229723104.html,229704971,Lace strap midi dress,https://static.bershka.net/4/photos2/2026/I/0/1/p/1218/714/605/1218714605_2_1_0.jpg?ts=1783522653811,14.99,GBP,WOMEN / SALE / Bershka / Dresses and jumpsuits,api-size,gb,44009506,229723104,229704964,01218714-I2026,1218/714,605,Burgundy,S,102,0121871460502-I2026,InStock,True,False,29.99,50.0,api,39854,WOMEN,Dresses,Dresses,87687eba-fdc3-4348-8570-972923c68698,Dresses and Jumpsuits | Long | Midi | Black dresses,CAMBODIA,1,16
bershka.com,2026-09-20T13:19:08.021623+00:00,https://www.bershka.com/gb/lace-strap-midi-dress-c0p229723104.html,229704953,Lace strap midi dress,https://static.bershka.net/4/photos2/2026/I/0/1/p/1218/714/605/1218714605_2_1_0.jpg?ts=1783522653811,14.99,GBP,WOMEN / SALE / Bershka / Dresses and jumpsuits,api-size,gb,44009506,229723104,229704964,01218714-I2026,1218/714,605,Burgundy,M,103,0121872960503-I2026,InStock,True,False,29.99,50.0,api,39854,WOMEN,Dresses,Dresses,87687eba-fdc3-4348-8570-972923c68698,Dresses and Jumpsuits | Long | Midi | Black dresses,MAINLAND CHINA,1,17
bershka.com,2026-09-20T13:19:08.021645+00:00,https://www.bershka.com/gb/lace-strap-midi-dress-c0p229723104.html,229704970,Lace strap midi dress,https://static.bershka.net/4/photos2/2026/I/0/1/p/1218/714/605/1218714605_2_1_0.jpg?ts=1783522653811,14.99,GBP,WOMEN / SALE / Bershka / Dresses and jumpsuits,api-size,gb,44009506,229723104,229704964,01218714-I2026,1218/714,605,Burgundy,M,103,0121871460503-I2026,BackSoon,True,True,29.99,50.0,api,39854,WOMEN,Dresses,Dresses,87687eba-fdc3-4348-8570-972923c68698,Dresses and Jumpsuits | Long | Midi | Black dresses,CAMBODIA,1,18
bershka.com,2026-09-20T13:19:08.021671+00:00,https://www.bershka.com/gb/lace-strap-midi-dress-c0p229723104.html,229704955,Lace strap midi dress,https://static.bershka.net/4/photos2/2026/I/0/1/p/1218/714/605/1218714605_2_1_0.jpg?ts=1783522653811,14.99,GBP,WOMEN / SALE / Bershka / Dresses and jumpsuits,api-size,gb,44009506,229723104,229704964,01218714-I2026,1218/714,605,Burgundy,L,104,0121872960504-I2026,InStock,True,False,29.99,50.0,api,39854,WOMEN,Dresses,Dresses,87687eba-fdc3-4348-8570-972923c68698,Dresses and Jumpsuits | Long | Midi | Black dresses,MAINLAND CHINA,1,19
bershka.com,2026-09-20T13:19:08.021693+00:00,https://www.bershka.com/gb/lace-strap-midi-dress-c0p229723104.html,229704972,Lace strap midi dress,https://static.bershka.net/4/photos2/2026/I/0/1/p/1218/714/605/1218714605_2_1_0.jpg?ts=1783522653811,14.99,GBP,WOMEN / SALE / Bershka / Dresses and jumpsuits,api-size,gb,44009506,229723104,229704964,01218714-I2026,1218/714,605,Burgundy,L,104,0121871460504-I2026,InStock,True,False,29.99,50.0,api,39854,WOMEN,Dresses,Dresses,87687eba-fdc3-4348-8570-972923c68698,Dresses and Jumpsuits | Long | Midi | Black dresses,CAMBODIA,1,20
bershka.com,2026-09-20T13:19:08.021716+00:00,https://www.bershka.com/gb/lace-strap-midi-dress-c0p229723104.html,229704957,Lace strap midi dress,https://static.bershka.net/4/photos2/2026/I/0/1/p/1218/714/251/1218714251_1_1_0.jpg?ts=1772614529950,29.99,GBP,WOMEN / SALE / Bershka / Dresses and jumpsuits,api-size,gb,44009506,229723104,229704964,01218714-I2026,1218/714,251,Off white,XS,101,0121872925101-I2026,InStock,True,False,,,,,WOMEN,Dresses,Dresses,87687eba-fdc3-4348-8570-972923c68698,Dresses and Jumpsuits | Long | Midi | Black dresses,MAINLAND CHINA,1,21
bershka.com,2026-09-20T13:19:08.021736+00:00,https://www.bershka.com/gb/lace-strap-midi-dress-c0p229723104.html,229704974,Lace strap midi dress,https://static.bershka.net/4/photos2/2026/I/0/1/p/1218/714/251/1218714251_1_1_0.jpg?ts=1772614529950,29.99,GBP,WOMEN / SALE / Bershka / Dresses and jumpsuits,api-size,gb,44009506,229723104,229704964,01218714-I2026,1218/714,251,Off white,XS,101,0121871425101-I2026,InStock,True,False,,,,,WOMEN,Dresses,Dresses,87687eba-fdc3-4348-8570-972923c68698,Dresses and Jumpsuits | Long | Midi | Black dresses,CAMBODIA,1,22
bershka.com,2026-09-20T13:19:08.021756+00:00,https://www.bershka.com/gb/lace-strap-midi-dress-c0p229723104.html,229704956,Lace strap midi dress,https://static.bershka.net/4/photos2/2026/I/0/1/p/1218/714/251/1218714251_1_1_0.jpg?ts=1772614529950,29.99,GBP,WOMEN / SALE / Bershka / Dresses and jumpsuits,api-size,gb,44009506,229723104,229704964,01218714-I2026,1218/714,251,Off white,S,102,0121872925102-I2026,InStock,True,False,,,,,WOMEN,Dresses,Dresses,87687eba-fdc3-4348-8570-972923c68698,Dresses and Jumpsuits | Long | Midi | Black dresses,MAINLAND CHINA,1,23
bershka.com,2026-09-20T13:19:08.021777+00:00,https://www.bershka.com/gb/lace-strap-midi-dress-c0p229723104.html,229704973,Lace strap midi dress,https://static.bershka.net/4/photos2/2026/I/0/1/p/1218/714/251/1218714251_1_1_0.jpg?ts=1772614529950,29.99,GBP,WOMEN / SALE / Bershka / Dresses and jumpsuits,api-size,gb,44009506,229723104,229704964,01218714-I2026,1218/714,251,Off white,S,102,0121871425102-I2026,InStock,True,False,,,,,WOMEN,Dresses,Dresses,87687eba-fdc3-4348-8570-972923c68698,Dresses and Jumpsuits | Long | Midi | Black dresses,CAMBODIA,1,24
bershka.com,2026-09-20T13:19:08.021798+00:00,https://www.bershka.com/gb/lace-strap-midi-dress-c0p229723104.html,229704959,Lace strap midi dress,https://static.bershka.net/4/photos2/2026/I/0/1/p/1218/714/251/1218714251_1_1_0.jpg?ts=1772614529950,29.99,GBP,WOMEN / SALE / Bershka / Dresses and jumpsuits,api-size,gb,44009506,229723104,229704964,01218714-I2026,1218/714,251,Off white,M,103,0121872925103-I2026,BackSoon,True,True,,,,,WOMEN,Dresses,Dresses,87687eba-fdc3-4348-8570-972923c68698,Dresses and Jumpsuits | Long | Midi | Black dresses,MAINLAND CHINA,1,25
bershka.com,2026-09-20T13:19:08.021818+00:00,https://www.bershka.com/gb/lace-strap-midi-dress-c0p229723104.html,229704976,Lace strap midi dress,https://static.bershka.net/4/photos2/2026/I/0/1/p/1218/714/251/1218714251_1_1_0.jpg?ts=1772614529950,29.99,GBP,WOMEN / SALE / Bershka / Dresses and jumpsuits,api-size,gb,44009506,229723104,229704964,01218714-I2026,1218/714,251,Off white,M,103,0121871425103-I2026,InStock,True,False,,,,,WOMEN,Dresses,Dresses,87687eba-fdc3-4348-8570-972923c68698,Dresses and Jumpsuits | Long | Midi | Black dresses,CAMBODIA,1,26
bershka.com,2026-09-20T13:19:08.021839+00:00,https://www.bershka.com/gb/lace-strap-midi-dress-c0p229723104.html,229704958,Lace strap midi dress,https://static.bershka.net/4/photos2/2026/I/0/1/p/1218/714/251/1218714251_1_1_0.jpg?ts=1772614529950,29.99,GBP,WOMEN / SALE / Bershka / Dresses and jumpsuits,api-size,gb,44009506,229723104,229704964,01218714-I2026,1218/714,251,Off white,L,104,0121872925104-I2026,InStock,True,False,,,,,WOMEN,Dresses,Dresses,87687eba-fdc3-4348-8570-972923c68698,Dresses and Jumpsuits | Long | Midi | Black dresses,MAINLAND CHINA,1,27
bershka.com,2026-09-20T13:19:08.021861+00:00,https://www.bershka.com/gb/lace-strap-midi-dress-c0p229723104.html,229704975,Lace strap midi dress,https://static.bershka.net/4/photos2/2026/I/0/1/p/1218/714/251/1218714251_1_1_0.jpg?ts=1772614529950,29.99,GBP,WOMEN / SALE / Bershka / Dresses and jumpsuits,api-size,gb,44009506,229723104,229704964,01218714-I2026,1218/714,251,Off white,L,104,0121871425104-I2026,InStock,True,False,,,,,WOMEN,Dresses,Dresses,87687eba-fdc3-4348-8570-972923c68698,Dresses and Jumpsuits | Long | Midi | Black dresses,CAMBODIA,1,28
bershka.com,2026-09-20T13:19:08.021889+00:00,https://www.bershka.com/gb/lace-strap-midi-dress-c0p229723104.html,229704961,Lace strap midi dress,https://static.bershka.net/4/photos2/2026/I/0/1/p/1218/714/300/1218714300_1_1_0.jpg?ts=1772614536899,29.99,GBP,WOMEN / SALE / Bershka / Dresses and jumpsuits,api-size,gb,44009506,229723104,229704964,01218714-I2026,1218/714,300,Yellow,XS,101,0121872930001-I2026,InStock,True,False,,,,,WOMEN,Dresses,Dresses,87687eba-fdc3-4348-8570-972923c68698,Dresses and Jumpsuits | Long | Midi | Black dresses,MAINLAND CHINA,1,29
bershka.com,2026-09-20T13:19:08.021910+00:00,https://www.bershka.com/gb/lace-strap-midi-dress-c0p229723104.html,229704978,Lace strap midi dress,https://static.bershka.net/4/photos2/2026/I/0/1/p/1218/714/300/1218714300_1_1_0.jpg?ts=1772614536899,29.99,GBP,WOMEN / SALE / Bershka / Dresses and jumpsuits,api-size,gb,44009506,229723104,229704964,01218714-I2026,1218/714,300,Yellow,XS,101,0121871430001-I2026,InStock,True,False,,,,,WOMEN,Dresses,Dresses,87687eba-fdc3-4348-8570-972923c68698,Dresses and Jumpsuits | Long | Midi | Black dresses,CAMBODIA,1,30
bershka.com,2026-09-20T13:19:08.021933+00:00,https://www.bershka.com/gb/lace-strap-midi-dress-c0p229723104.html,229704960,Lace strap midi dress,https://static.bershka.net/4/photos2/2026/I/0/1/p/1218/714/300/1218714300_1_1_0.jpg?ts=1772614536899,29.99,GBP,WOMEN / SALE / Bershka / Dresses and jumpsuits,api-size,gb,44009506,229723104,229704964,01218714-I2026,1218/714,300,Yellow,S,102,0121872930002-I2026,InStock,True,False,,,,,WOMEN,Dresses,Dresses,87687eba-fdc3-4348-8570-972923c68698,Dresses and Jumpsuits | Long | Midi | Black dresses,MAINLAND CHINA,1,31
bershka.com,2026-09-20T13:19:08.021954+00:00,https://www.bershka.com/gb/lace-strap-midi-dress-c0p229723104.html,229704977,Lace strap midi dress,https://static.bershka.net/4/photos2/2026/I/0/1/p/1218/714/300/1218714300_1_1_0.jpg?ts=1772614536899,29.99,GBP,WOMEN / SALE / Bershka / Dresses and jumpsuits,api-size,gb,44009506,229723104,229704964,01218714-I2026,1218/714,300,Yellow,S,102,0121871430002-I2026,InStock,True,False,,,,,WOMEN,Dresses,Dresses,87687eba-fdc3-4348-8570-972923c68698,Dresses and Jumpsuits | Long | Midi | Black dresses,CAMBODIA,1,32
bershka.com,2026-09-20T13:19:08.021974+00:00,https://www.bershka.com/gb/lace-strap-midi-dress-c0p229723104.html,229704963,Lace strap midi dress,https://static.bershka.net/4/photos2/2026/I/0/1/p/1218/714/300/1218714300_1_1_0.jpg?ts=1772614536899,29.99,GBP,WOMEN / SALE / Bershka / Dresses and jumpsuits,api-size,gb,44009506,229723104,229704964,01218714-I2026,1218/714,300,Yellow,M,103,0121872930003-I2026,InStock,True,False,,,,,WOMEN,Dresses,Dresses,87687eba-fdc3-4348-8570-972923c68698,Dresses and Jumpsuits | Long | Midi | Black dresses,MAINLAND CHINA,1,33
bershka.com,2026-09-20T13:19:08.021994+00:00,https://www.bershka.com/gb/lace-strap-midi-dress-c0p229723104.html,229704980,Lace strap midi dress,https://static.bershka.net/4/photos2/2026/I/0/1/p/1218/714/300/1218714300_1_1_0.jpg?ts=1772614536899,29.99,GBP,WOMEN / SALE / Bershka / Dresses and jumpsuits,api-size,gb,44009506,229723104,229704964,01218714-I2026,1218/714,300,Yellow,M,103,0121871430003-I2026,InStock,True,False,,,,,WOMEN,Dresses,Dresses,87687eba-fdc3-4348-8570-972923c68698,Dresses and Jumpsuits | Long | Midi | Black dresses,CAMBODIA,1,34
bershka.com,2026-09-20T13:19:08.022014+00:00,https://www.bershka.com/gb/lace-strap-midi-dress-c0p229723104.html,229704962,Lace strap midi dress,https://static.bershka.net/4/photos2/2026/I/0/1/p/1218/714/300/1218714300_1_1_0.jpg?ts=1772614536899,29.99,GBP,WOMEN / SALE / Bershka / Dresses and jumpsuits,api-size,gb,44009506,229723104,229704964,01218714-I2026,1218/714,300,Yellow,L,104,0121872930004-I2026,InStock,True,False,,,,,WOMEN,Dresses,Dresses,87687eba-fdc3-4348-8570-972923c68698,Dresses and Jumpsuits | Long | Midi | Black dresses,MAINLAND CHINA,1,35
bershka.com,2026-09-20T13:19:08.022034+00:00,https://www.bershka.com/gb/lace-strap-midi-dress-c0p229723104.html,229704979,Lace strap midi dress,https://static.bershka.net/4/photos2/2026/I/0/1/p/1218/714/300/1218714300_1_1_0.jpg?ts=1772614536899,29.99,GBP,WOMEN / SALE / Bershka / Dresses and jumpsuits,api-size,gb,44009506,229723104,229704964,01218714-I2026,1218/714,300,Yellow,L,104,0121871430004-I2026,InStock,True,False,,,,,WOMEN,Dresses,Dresses,87687eba-fdc3-4348-8570-972923c68698,Dresses and Jumpsuits | Long | Midi | Black dresses,CAMBODIA,1,36
bershka.com,2026-09-20T13:19:08.022058+00:00,https://www.bershka.com/gb/lace-strap-midi-dress-c0p229723104.html,229704949,Lace strap midi dress,https://static.bershka.net/4/photos2/2026/I/0/1/p/1218/714/800/1218714800_1_1_0.jpg?ts=1772614547781,20.99,GBP,WOMEN / SALE / Bershka / Dresses and jumpsuits,api-size,gb,44009506,229723104,229704964,01218714-I2026,1218/714,800,Black,XS,101,0121872980001-I2026,InStock,True,False,29.99,30.0,api,39854,WOMEN,Dresses,Dresses,87687eba-fdc3-4348-8570-972923c68698,Dresses and Jumpsuits | Long | Midi | Black dresses,MAINLAND CHINA,1,37
bershka.com,2026-09-20T13:19:08.022080+00:00,https://www.bershka.com/gb/lace-strap-midi-dress-c0p229723104.html,229704966,Lace strap midi dress,https://static.bershka.net/4/photos2/2026/I/0/1/p/1218/714/800/1218714800_1_1_0.jpg?ts=1772614547781,20.99,GBP,WOMEN / SALE / Bershka / Dresses and jumpsuits,api-size,gb,44009506,229723104,229704964,01218714-I2026,1218/714,800,Black,XS,101,0121871480001-I2026,InStock,True,False,29.99,30.0,api,39854,WOMEN,Dresses,Dresses,87687eba-fdc3-4348-8570-972923c68698,Dresses and Jumpsuits | Long | Midi | Black dresses,CAMBODIA,1,38
bershka.com,2026-09-20T13:19:08.022107+00:00,https://www.bershka.com/gb/lace-strap-midi-dress-c0p229723104.html,229704948,Lace strap midi dress,https://static.bershka.net/4/photos2/2026/I/0/1/p/1218/714/800/1218714800_1_1_0.jpg?ts=1772614547781,20.99,GBP,WOMEN / SALE / Bershka / Dresses and jumpsuits,api-size,gb,44009506,229723104,229704964,01218714-I2026,1218/714,800,Black,S,102,0121872980002-I2026,InStock,True,False,29.99,30.0,api,39854,WOMEN,Dresses,Dresses,87687eba-fdc3-4348-8570-972923c68698,Dresses and Jumpsuits | Long | Midi | Black dresses,MAINLAND CHINA,1,39
bershka.com,2026-09-20T13:19:08.022130+00:00,https://www.bershka.com/gb/lace-strap-midi-dress-c0p229723104.html,229704965,Lace strap midi dress,https://static.bershka.net/4/photos2/2026/I/0/1/p/1218/714/800/1218714800_1_1_0.jpg?ts=1772614547781,20.99,GBP,WOMEN / SALE / Bershka / Dresses and jumpsuits,api-size,gb,44009506,229723104,229704964,01218714-I2026,1218/714,800,Black,S,102,0121871480002-I2026,BackSoon,True,True,29.99,30.0,api,39854,WOMEN,Dresses,Dresses,87687eba-fdc3-4348-8570-972923c68698,Dresses and Jumpsuits | Long | Midi | Black dresses,CAMBODIA,1,40
bershka.com,2026-09-20T13:19:08.022152+00:00,https://www.bershka.com/gb/lace-strap-midi-dress-c0p229723104.html,229704951,Lace strap midi dress,https://static.bershka.net/4/photos2/2026/I/0/1/p/1218/714/800/1218714800_1_1_0.jpg?ts=1772614547781,20.99,GBP,WOMEN / SALE / Bershka / Dresses and jumpsuits,api-size,gb,44009506,229723104,229704964,01218714-I2026,1218/714,800,Black,M,103,0121872980003-I2026,InStock,True,False,29.99,30.0,api,39854,WOMEN,Dresses,Dresses,87687eba-fdc3-4348-8570-972923c68698,Dresses and Jumpsuits | Long | Midi | Black dresses,MAINLAND CHINA,1,41
bershka.com,2026-09-20T13:19:08.022175+00:00,https://www.bershka.com/gb/lace-strap-midi-dress-c0p229723104.html,229704968,Lace strap midi dress,https://static.bershka.net/4/photos2/2026/I/0/1/p/1218/714/800/1218714800_1_1_0.jpg?ts=1772614547781,20.99,GBP,WOMEN / SALE / Bershka / Dresses and jumpsuits,api-size,gb,44009506,229723104,229704964,01218714-I2026,1218/714,800,Black,M,103,0121871480003-I2026,InStock,True,False,29.99,30.0,api,39854,WOMEN,Dresses,Dresses,87687eba-fdc3-4348-8570-972923c68698,Dresses and Jumpsuits | Long | Midi | Black dresses,CAMBODIA,1,42
bershka.com,2026-09-20T13:19:08.022202+00:00,https://www.bershka.com/gb/lace-strap-midi-dress-c0p229723104.html,229704950,Lace strap midi dress,https://static.bershka.net/4/photos2/2026/I/0/1/p/1218/714/800/1218714800_1_1_0.jpg?ts=1772614547781,20.99,GBP,WOMEN / SALE / Bershka / Dresses and jumpsuits,api-size,gb,44009506,229723104,229704964,01218714-I2026,1218/714,800,Black,L,104,0121872980004-I2026,InStock,True,False,29.99,30.0,api,39854,WOMEN,Dresses,Dresses,87687eba-fdc3-4348-8570-972923c68698,Dresses and Jumpsuits | Long | Midi | Black dresses,MAINLAND CHINA,1,43
bershka.com,2026-09-20T13:19:08.022224+00:00,https://www.bershka.com/gb/lace-strap-midi-dress-c0p229723104.html,229704967,Lace strap midi dress,https://static.bershka.net/4/photos2/2026/I/0/1/p/1218/714/800/1218714800_1_1_0.jpg?ts=1772614547781,20.99,GBP,WOMEN / SALE / Bershka / Dresses and jumpsuits,api-size,gb,44009506,229723104,229704964,01218714-I2026,1218/714,800,Black,L,104,0121871480004-I2026,InStock,True,False,29.99,30.0,api,39854,WOMEN,Dresses,Dresses,87687eba-fdc3-4348-8570-972923c68698,Dresses and Jumpsuits | Long | Midi | Black dresses,CAMBODIA,1,44
bershka.com,2026-09-20T13:19:08.022257+00:00,https://www.bershka.com/gb/printed-lace-midi-dress-c0p229736905.html,229732393,Printed lace midi dress,https://static.bershka.net/4/photos2/2026/I/0/1/p/1250/727/251/1250727251_2_1_0.jpg?ts=1783522672403,11.49,GBP,WOMEN / SALE / Bershka / Dresses and jumpsuits,api-size,gb,44009506,229736905,229732385,01250727-I2026,1250/727,251,Off white,XS,101,0125072725101-I2026,InStock,True,False,22.99,50.0,api,39851,WOMEN,Dresses,Dresses,87687eba-fdc3-4348-8570-972923c68698,,CAMBODIA,1,45
bershka.com,2026-09-20T13:19:08.022279+00:00,https://www.bershka.com/gb/printed-lace-midi-dress-c0p229736905.html,229732392,Printed lace midi dress,https://static.bershka.net/4/photos2/2026/I/0/1/p/1250/727/251/1250727251_2_1_0.jpg?ts=1783522672403,11.49,GBP,WOMEN / SALE / Bershka / Dresses and jumpsuits,api-size,gb,44009506,229736905,229732385,01250727-I2026,1250/727,251,Off white,S,102,0125072725102-I2026,InStock,True,False,22.99,50.0,api,39851,WOMEN,Dresses,Dresses,87687eba-fdc3-4348-8570-972923c68698,,CAMBODIA,1,46
bershka.com,2026-09-20T13:19:08.022300+00:00,https://www.bershka.com/gb/printed-lace-midi-dress-c0p229736905.html,229732395,Printed lace midi dress,https://static.bershka.net/4/photos2/2026/I/0/1/p/1250/727/251/1250727251_2_1_0.jpg?ts=1783522672403,11.49,GBP,WOMEN / SALE / Bershka / Dresses and jumpsuits,api-size,gb,44009506,229736905,229732385,01250727-I2026,1250/727,251,Off white,M,103,0125072725103-I2026,InStock,True,False,22.99,50.0,api,39851,WOMEN,Dresses,Dresses,87687eba-fdc3-4348-8570-972923c68698,,CAMBODIA,1,47
bershka.com,2026-09-20T13:19:08.022321+00:00,https://www.bershka.com/gb/printed-lace-midi-dress-c0p229736905.html,229732394,Printed lace midi dress,https://static.bershka.net/4/photos2/2026/I/0/1/p/1250/727/251/1250727251_2_1_0.jpg?ts=1783522672403,11.49,GBP,WOMEN / SALE / Bershka / Dresses and jumpsuits,api-size,gb,44009506,229736905,229732385,01250727-I2026,1250/727,251,Off white,L,104,0125072725104-I2026,InStock,True,False,22.99,50.0,api,39851,WOMEN,Dresses,Dresses,87687eba-fdc3-4348-8570-972923c68698,,CAMBODIA,1,48
bershka.com,2026-09-20T13:19:08.022349+00:00,https://www.bershka.com/gb/printed-lace-midi-dress-c0p229736905.html,229732397,Printed lace midi dress,https://static.bershka.net/4/photos2/2026/I/0/1/p/1250/727/712/1250727712_2_1_0.jpg?ts=1771944666721,11.49,GBP,WOMEN / SALE / Bershka / Dresses and jumpsuits,api-size,gb,44009506,229736905,229732385,01250727-I2026,1250/727,712,Cream,XS,101,0125072771201-I2026,InStock,True,False,22.99,50.0,api,39851,WOMEN,Dresses,Dresses,87687eba-fdc3-4348-8570-972923c68698,,CAMBODIA,1,49
bershka.com,2026-09-20T13:19:08.022370+00:00,https://www.bershka.com/gb/printed-lace-midi-dress-c0p229736905.html,229732396,Printed lace midi dress,https://static.bershka.net/4/photos2/2026/I/0/1/p/1250/727/712/1250727712_2_1_0.jpg?ts=1771944666721,11.49,GBP,WOMEN / SALE / Bershka / Dresses and jumpsuits,api-size,gb,44009506,229736905,229732385,01250727-I2026,1250/727,712,Cream,S,102,0125072771202-I2026,InStock,True,False,22.99,50.0,api,39851,WOMEN,Dresses,Dresses,87687eba-fdc3-4348-8570-972923c68698,,CAMBODIA,1,50
bershka.com,2026-09-20T13:19:08.022391+00:00,https://www.bershka.com/gb/printed-lace-midi-dress-c0p229736905.html,229732387,Printed lace midi dress,https://static.bershka.net/4/photos2/2026/I/0/1/p/1250/727/712/1250727712_2_1_0.jpg?ts=1771944666721,11.49,GBP,WOMEN / SALE / Bershka / Dresses and jumpsuits,api-size,gb,44009506,229736905,229732385,01250727-I2026,1250/727,712,Cream,M,103,0125072771203-I2026,InStock,True,False,22.99,50.0,api,39851,WOMEN,Dresses,Dresses,87687eba-fdc3-4348-8570-972923c68698,,CAMBODIA,1,51
bershka.com,2026-09-20T13:19:08.022412+00:00,https://www.bershka.com/gb/printed-lace-midi-dress-c0p229736905.html,229732386,Printed lace midi dress,https://static.bershka.net/4/photos2/2026/I/0/1/p/1250/727/712/1250727712_2_1_0.jpg?ts=1771944666721,11.49,GBP,WOMEN / SALE / Bershka / Dresses and jumpsuits,api-size,gb,44009506,229736905,229732385,01250727-I2026,1250/727,712,Cream,L,104,0125072771204-I2026,InStock,True,False,22.99,50.0,api,39851,WOMEN,Dresses,Dresses,87687eba-fdc3-4348-8570-972923c68698,,CAMBODIA,1,52
bershka.com,2026-09-20T13:19:08.022434+00:00,https://www.bershka.com/gb/printed-lace-midi-dress-c0p229736905.html,229732388,Printed lace midi dress,https://static.bershka.net/4/photos2/902_1_1_0.jpg?ts=1785154121041,11.49,GBP,WOMEN / SALE / Bershka / Dresses and jumpsuits,api-size,gb,44009506,229736905,229732385,01250727-I2026,1250/727,902,Pink,XS,101,0125072790201-I2026,InStock,True,False,22.99,50.0,api,39851,WOMEN,Dresses,Dresses,87687eba-fdc3-4348-8570-972923c68698,,CAMBODIA,1,53
bershka.com,2026-09-20T13:19:08.022456+00:00,https://www.bershka.com/gb/printed-lace-midi-dress-c0p229736905.html,229732390,Printed lace midi dress,https://static.bershka.net/4/photos2/902_1_1_0.jpg?ts=1785154121041,11.49,GBP,WOMEN / SALE / Bershka / Dresses and jumpsuits,api-size,gb,44009506,229736905,229732385,01250727-I2026,1250/727,902,Pink,S,102,0125072790202-I2026,InStock,True,False,22.99,50.0,api,39851,WOMEN,Dresses,Dresses,87687eba-fdc3-4348-8570-972923c68698,,CAMBODIA,1,54
bershka.com,2026-09-20T13:19:08.022476+00:00,https://www.bershka.com/gb/printed-lace-midi-dress-c0p229736905.html,229732389,Printed lace midi dress,https://static.bershka.net/4/photos2/902_1_1_0.jpg?ts=1785154121041,11.49,GBP,WOMEN / SALE / Bershka / Dresses and jumpsuits,api-size,gb,44009506,229736905,229732385,01250727-I2026,1250/727,902,Pink,M,103,0125072790203-I2026,InStock,True,False,22.99,50.0,api,39851,WOMEN,Dresses,Dresses,87687eba-fdc3-4348-8570-972923c68698,,CAMBODIA,1,55
bershka.com,2026-09-20T13:19:08.022497+00:00,https://www.bershka.com/gb/printed-lace-midi-dress-c0p229736905.html,229732391,Printed lace midi dress,https://static.bershka.net/4/photos2/902_1_1_0.jpg?ts=1785154121041,11.49,GBP,WOMEN / SALE / Bershka / Dresses and jumpsuits,api-size,gb,44009506,229736905,229732385,01250727-I2026,1250/727,902,Pink,L,104,0125072790204-I2026,InStock,True,False,22.99,50.0,api,39851,WOMEN,Dresses,Dresses,87687eba-fdc3-4348-8570-972923c68698,,CAMBODIA,1,56
bershka.com,2026-09-20T13:19:08.022531+00:00,https://www.bershka.com/gb/mini-halter-dress-in-flocked-tulle-c0p226927063.html,226924665,Mini halter dress in flocked tulle,https://static.bershka.net/4/photos2/615_1_1_0.jpg?ts=1784801313591,12.99,GBP,WOMEN / SALE / Bershka / Dresses and jumpsuits,api-size,gb,44009506,226927063,226924660,02682714-I2026,2682/714,615,Orange,XS,101,0268271461501-I2026,InStock,True,False,25.99,50.0,api,39854,WOMEN,Dresses,Dresses,87687eba-fdc3-4348-8570-972923c68698,BERSHKA LOVERS,MAINLAND CHINA,1,57
bershka.com,2026-09-20T13:19:08.022552+00:00,https://www.bershka.com/gb/mini-halter-dress-in-flocked-tulle-c0p226927063.html,226924667,Mini halter dress in flocked tulle,https://static.bershka.net/4/photos2/615_1_1_0.jpg?ts=1784801313591,12.99,GBP,WOMEN / SALE / Bershka / Dresses and jumpsuits,api-size,gb,44009506,226927063,226924660,02682714-I2026,2682/714,615,Orange,S,102,0268271461502-I2026,InStock,True,False,25.99,50.0,api,39854,WOMEN,Dresses,Dresses,87687eba-fdc3-4348-8570-972923c68698,BERSHKA LOVERS,MAINLAND CHINA,1,58
bershka.com,2026-09-20T13:19:08.022579+00:00,https://www.bershka.com/gb/mini-halter-dress-in-flocked-tulle-c0p226927063.html,226924666,Mini halter dress in flocked tulle,https://static.bershka.net/4/photos2/615_1_1_0.jpg?ts=1784801313591,12.99,GBP,WOMEN / SALE / Bershka / Dresses and jumpsuits,api-size,gb,44009506,226927063,226924660,02682714-I2026,2682/714,615,Orange,M,103,0268271461503-I2026,InStock,True,False,25.99,50.0,api,39854,WOMEN,Dresses,Dresses,87687eba-fdc3-4348-8570-972923c68698,BERSHKA LOVERS,MAINLAND CHINA,1,59
bershka.com,2026-09-20T13:19:08.022600+00:00,https://www.bershka.com/gb/mini-halter-dress-in-flocked-tulle-c0p226927063.html,226924668,Mini halter dress in flocked tulle,https://static.bershka.net/4/photos2/615_1_1_0.jpg?ts=1784801313591,12.99,GBP,WOMEN / SALE / Bershka / Dresses and jumpsuits,api-size,gb,44009506,226927063,226924660,02682714-I2026,2682/714,615,Orange,L,104,0268271461504-I2026,InStock,True,False,25.99,50.0,api,39854,WOMEN,Dresses,Dresses,87687eba-fdc3-4348-8570-972923c68698,BERSHKA LOVERS,MAINLAND CHINA,1,60
bershka.com,2026-09-20T13:19:08.022621+00:00,https://www.bershka.com/gb/mini-halter-dress-in-flocked-tulle-c0p226927063.html,226924662,Mini halter dress in flocked tulle,https://static.bershka.net/4/photos2/508_1_1_0.jpg?ts=1784624357201,12.99,GBP,WOMEN / SALE / Bershka / Dresses and jumpsuits,api-size,gb,44009506,226927063,226924660,02682714-I2026,2682/714,508,Green,XS,101,0268271450801-I2026,InStock,True,False,25.99,50.0,api,39854,WOMEN,Dresses,Dresses,87687eba-fdc3-4348-8570-972923c68698,BERSHKA LOVERS,MAINLAND CHINA,1,61
bershka.com,2026-09-20T13:19:08.022641+00:00,https://www.bershka.com/gb/mini-halter-dress-in-flocked-tulle-c0p226927063.html,226924661,Mini halter dress in flocked tulle,https://static.bershka.net/4/photos2/508_1_1_0.jpg?ts=1784624357201,12.99,GBP,WOMEN / SALE / Bershka / Dresses and jumpsuits,api-size,gb,44009506,226927063,226924660,02682714-I2026,2682/714,508,Green,S,102,0268271450802-I2026,InStock,True,False,25.99,50.0,api,39854,WOMEN,Dresses,Dresses,87687eba-fdc3-4348-8570-972923c68698,BERSHKA LOVERS,MAINLAND CHINA,1,62
bershka.com,2026-09-20T13:19:08.022705+00:00,https://www.bershka.com/gb/mini-halter-dress-in-flocked-tulle-c0p226927063.html,226924664,Mini halter dress in flocked tulle,https://static.bershka.net/4/photos2/508_1_1_0.jpg?ts=1784624357201,12.99,GBP,WOMEN / SALE / Bershka / Dresses and jumpsuits,api-size,gb,44009506,226927063,226924660,02682714-I2026,2682/714,508,Green,M,103,0268271450803-I2026,InStock,True,False,25.99,50.0,api,39854,WOMEN,Dresses,Dresses,87687eba-fdc3-4348-8570-972923c68698,BERSHKA LOVERS,MAINLAND CHINA,1,63
bershka.com,2026-09-20T13:19:08.022717+00:00,https://www.bershka.com/gb/mini-halter-dress-in-flocked-tulle-c0p226927063.html,226924663,Mini halter dress in flocked tulle,https://static.bershka.net/4/photos2/508_1_1_0.jpg?ts=1784624357201,12.99,GBP,WOMEN / SALE / Bershka / Dresses and jumpsuits,api-size,gb,44009506,226927063,226924660,02682714-I2026,2682/714,508,Green,L,104,0268271450804-I2026,InStock,True,False,25.99,50.0,api,39854,WOMEN,Dresses,Dresses,87687eba-fdc3-4348-8570-972923c68698,BERSHKA LOVERS,MAINLAND CHINA,1,64
bershka.com,2026-09-20T13:19:08.022738+00:00,https://www.bershka.com/gb/denim-midi-dress-c0p229730494.html,229708615,Denim midi dress,https://static.bershka.net/4/photos2/2026/I/0/1/p/0832/074/401/0832074401_2_1_0.jpg?ts=1784791313886,25.19,GBP,WOMEN / SALE / Bershka / Dresses and jumpsuits,api-size,gb,44009506,229730494,229708620,00832074-I2026,0832/074,401,Navy,XS,101,0083266640101-I2026,InStock,True,False,35.99,30.0,api,39854,WOMEN,Dresses,Denim Dresses,87687eba-fdc3-4348-8570-972923c68698,Dresses and Jumpsuits | Denim | Dresses & Jumpsuits | Denim,CAMBODIA,1,65
bershka.com,2026-09-20T13:19:08.022747+00:00,https://www.bershka.com/gb/denim-midi-dress-c0p229730494.html,229708621,Denim midi dress,https://static.bershka.net/4/photos2/2026/I/0/1/p/0832/074/401/0832074401_2_1_0.jpg?ts=1784791313886,25.19,GBP,WOMEN / SALE / Bershka / Dresses and jumpsuits,api-size,gb,44009506,229730494,229708620,00832074-I2026,0832/074,401,Navy,XS,101,0083207440101-I2026,InStock,True,False,35.99,30.0,api,39854,WOMEN,Dresses,Denim Dresses,87687eba-fdc3-4348-8570-972923c68698,Dresses and Jumpsuits | Denim | Dresses & Jumpsuits | Denim,CAMBODIA,1,66
bershka.com,2026-09-20T13:19:08.022753+00:00,https://www.bershka.com/gb/denim-midi-dress-c0p229730494.html,229708617,Denim midi dress,https://static.bershka.net/4/photos2/2026/I/0/1/p/0832/074/401/0832074401_2_1_0.jpg?ts=1784791313886,25.19,GBP,WOMEN / SALE / Bershka / Dresses and jumpsuits,api-size,gb,44009506,229730494,229708620,00832074-I2026,0832/074,401,Navy,S,102,0083266640102-I2026,InStock,True,False,35.99,30.0,api,39854,WOMEN,Dresses,Denim Dresses,87687eba-fdc3-4348-8570-972923c68698,Dresses and Jumpsuits | Denim | Dresses & Jumpsuits | Denim,CAMBODIA,1,67
bershka.com,2026-09-20T13:19:08.022760+00:00,https://www.bershka.com/gb/denim-midi-dress-c0p229730494.html,229708623,Denim midi dress,https://static.bershka.net/4/photos2/2026/I/0/1/p/0832/074/401/0832074401_2_1_0.jpg?ts=1784791313886,25.19,GBP,WOMEN / SALE / Bershka / Dresses and jumpsuits,api-size,gb,44009506,229730494,229708620,00832074-I2026,0832/074,401,Navy,S,102,0083207440102-I2026,InStock,True,False,35.99,30.0,api,39854,WOMEN,Dresses,Denim Dresses,87687eba-fdc3-4348-8570-972923c68698,Dresses and Jumpsuits | Denim | Dresses & Jumpsuits | Denim,CAMBODIA,1,68
bershka.com,2026-09-20T13:19:08.022772+00:00,https://www.bershka.com/gb/denim-midi-dress-c0p229730494.html,229708616,Denim midi dress,https://static.bershka.net/4/photos2/2026/I/0/1/p/0832/074/401/0832074401_2_1_0.jpg?ts=1784791313886,25.19,GBP,WOMEN / SALE / Bershka / Dresses and jumpsuits,api-size,gb,44009506,229730494,229708620,00832074-I2026,0832/074,401,Navy,M,103,0083266640103-I2026,InStock,True,False,35.99,30.0,api,39854,WOMEN,Dresses,Denim Dresses,87687eba-fdc3-4348-8570-972923c68698,Dresses and Jumpsuits | Denim | Dresses & Jumpsuits | Denim,CAMBODIA,1,69
bershka.com,2026-09-20T13:19:08.022779+00:00,https://www.bershka.com/gb/denim-midi-dress-c0p229730494.html,229708622,Denim midi dress,https://static.bershka.net/4/photos2/2026/I/0/1/p/0832/074/401/0832074401_2_1_0.jpg?ts=1784791313886,25.19,GBP,WOMEN / SALE / Bershka / Dresses and jumpsuits,api-size,gb,44009506,229730494,229708620,00832074-I2026,0832/074,401,Navy,M,103,0083207440103-I2026,InStock,True,False,35.99,30.0,api,39854,WOMEN,Dresses,Denim Dresses,87687eba-fdc3-4348-8570-972923c68698,Dresses and Jumpsuits | Denim | Dresses & Jumpsuits | Denim,CAMBODIA,1,70
bershka.com,2026-09-20T13:19:08.022785+00:00,https://www.bershka.com/gb/denim-midi-dress-c0p229730494.html,229708619,Denim midi dress,https://static.bershka.net/4/photos2/2026/I/0/1/p/0832/074/401/0832074401_2_1_0.jpg?ts=1784791313886,25.19,GBP,WOMEN / SALE / Bershka / Dresses and jumpsuits,api-size,gb,44009506,229730494,229708620,00832074-I2026,0832/074,401,Navy,L,104,0083266640104-I2026,InStock,True,False,35.99,30.0,api,39854,WOMEN,Dresses,Denim Dresses,87687eba-fdc3-4348-8570-972923c68698,Dresses and Jumpsuits | Denim | Dresses & Jumpsuits | Denim,CAMBODIA,1,71
bershka.com,2026-09-20T13:19:08.022792+00:00,https://www.bershka.com/gb/denim-midi-dress-c0p229730494.html,229708625,Denim midi dress,https://static.bershka.net/4/photos2/2026/I/0/1/p/0832/074/401/0832074401_2_1_0.jpg?ts=1784791313886,25.19,GBP,WOMEN / SALE / Bershka / Dresses and jumpsuits,api-size,gb,44009506,229730494,229708620,00832074-I2026,0832/074,401,Navy,L,104,0083207440104-I2026,InStock,True,False,35.99,30.0,api,39854,WOMEN,Dresses,Denim Dresses,87687eba-fdc3-4348-8570-972923c68698,Dresses and Jumpsuits | Denim | Dresses & Jumpsuits | Denim,CAMBODIA,1,72
bershka.com,2026-09-20T13:19:08.022799+00:00,https://www.bershka.com/gb/denim-midi-dress-c0p229730494.html,229708618,Denim midi dress,https://static.bershka.net/4/photos2/2026/I/0/1/p/0832/074/401/0832074401_2_1_0.jpg?ts=1784791313886,25.19,GBP,WOMEN / SALE / Bershka / Dresses and jumpsuits,api-size,gb,44009506,229730494,229708620,00832074-I2026,0832/074,401,Navy,XL,105,0083266640105-I2026,InStock,True,False,35.99,30.0,api,39854,WOMEN,Dresses,Denim Dresses,87687eba-fdc3-4348-8570-972923c68698,Dresses and Jumpsuits | Denim | Dresses & Jumpsuits | Denim,CAMBODIA,1,73
bershka.com,2026-09-20T13:19:08.022806+00:00,https://www.bershka.com/gb/denim-midi-dress-c0p229730494.html,229708624,Denim midi dress,https://static.bershka.net/4/photos2/2026/I/0/1/p/0832/074/401/0832074401_2_1_0.jpg?ts=1784791313886,25.19,GBP,WOMEN / SALE / Bershka / Dresses and jumpsuits,api-size,gb,44009506,229730494,229708620,00832074-I2026,0832/074,401,Navy,XL,105,0083207440105-I2026,InStock,True,False,35.99,30.0,api,39854,WOMEN,Dresses,Denim Dresses,87687eba-fdc3-4348-8570-972923c68698,Dresses and Jumpsuits | Denim | Dresses & Jumpsuits | Denim,CAMBODIA,1,74
bershka.com,2026-09-20T13:19:08.022813+00:00,https://www.bershka.com/gb/denim-midi-dress-c0p229730494.html,230590938,Denim midi dress,https://static.bershka.net/4/photos2/2026/I/0/1/p/0832/074/401/0832074401_2_1_0.jpg?ts=1784791313886,25.19,GBP,WOMEN / SALE / Bershka / Dresses and jumpsuits,api-size,gb,44009506,229730494,229708620,00832074-I2026,0832/074,401,Navy,XXL,106,0083207440106-I2026,InStock,True,False,35.99,30.0,api,39854,WOMEN,Dresses,Denim Dresses,87687eba-fdc3-4348-8570-972923c68698,Dresses and Jumpsuits | Denim | Dresses & Jumpsuits | Denim,CAMBODIA,1,75
bershka.com,2026-09-20T13:19:08.022831+00:00,https://www.bershka.com/gb/mini-denim-dress-with-clasps-c0p228741267.html,228731448,Mini denim dress with clasps,https://static.bershka.net/4/photos2/401_1_1_0.jpg?ts=1783958064985,14.99,GBP,WOMEN / SALE / Bershka / Dresses and jumpsuits,api-size,gb,44009506,228741267,228731439,03028388-I2026,3028/388,401,Navy,XS,101,0302838840101-I2026,InStock,True,False,29.99,50.0,api,39854,WOMEN,Dresses,Denim Dresses,87687eba-fdc3-4348-8570-972923c68698,BERSHKA LOVERS,BANGLADESH,1,76
bershka.com,2026-09-20T13:19:08.022837+00:00,https://www.bershka.com/gb/mini-denim-dress-with-clasps-c0p228741267.html,228731450,Mini denim dress with clasps,https://static.bershka.net/4/photos2/401_1_1_0.jpg?ts=1783958064985,14.99,GBP,WOMEN / SALE / Bershka / Dresses and jumpsuits,api-size,gb,44009506,228741267,228731439,03028388-I2026,3028/388,401,Navy,S,102,0302838840102-I2026,InStock,True,False,29.99,50.0,api,39854,WOMEN,Dresses,Denim Dresses,87687eba-fdc3-4348-8570-972923c68698,BERSHKA LOVERS,BANGLADESH,1,77
bershka.com,2026-09-20T13:19:08.022845+00:00,https://www.bershka.com/gb/mini-denim-dress-with-clasps-c0p228741267.html,228731449,Mini denim dress with clasps,https://static.bershka.net/4/photos2/401_1_1_0.jpg?ts=1783958064985,14.99,GBP,WOMEN / SALE / Bershka / Dresses and jumpsuits,api-size,gb,44009506,228741267,228731439,03028388-I2026,3028/388,401,Navy,M,103,0302838840103-I2026,InStock,True,False,29.99,50.0,api,39854,WOMEN,Dresses,Denim Dresses,87687eba-fdc3-4348-8570-972923c68698,BERSHKA LOVERS,BANGLADESH,1,78
bershka.com,2026-09-20T13:19:08.022854+00:00,https://www.bershka.com/gb/mini-denim-dress-with-clasps-c0p228741267.html,228731451,Mini denim dress with clasps,https://static.bershka.net/4/photos2/401_1_1_0.jpg?ts=1783958064985,14.99,GBP,WOMEN / SALE / Bershka / Dresses and jumpsuits,api-size,gb,44009506,228741267,228731439,03028388-I2026,3028/388,401,Navy,L,104,0302838840104-I2026,InStock,True,False,29.99,50.0,api,39854,WOMEN,Dresses,Denim Dresses,87687eba-fdc3-4348-8570-972923c68698,BERSHKA LOVERS,BANGLADESH,1,79
bershka.com,2026-09-20T13:19:08.022865+00:00,https://www.bershka.com/gb/mini-twill-dress-c0p226927363.html,226926374,Mini twill dress,https://static.bershka.net/4/photos2/818_1_1_0.jpg?ts=1786614620933,14.99,GBP,WOMEN / SALE / Bershka / Dresses and jumpsuits,api-size,gb,44009506,226927363,226926372,03054335-I2026,3054/335,818,Grey,XS,101,0305433581801-I2026,InStock,True,False,29.99,50.0,api,39851,WOMEN,Dresses,,87687eba-fdc3-4348-8570-972923c68698,,BANGLADESH,1,80
bershka.com,2026-09-20T13:19:08.022872+00:00,https://www.bershka.com/gb/mini-twill-dress-c0p226927363.html,226926373,Mini twill dress,https://static.bershka.net/4/photos2/818_1_1_0.jpg?ts=1786614620933,14.99,GBP,WOMEN / SALE / Bershka / Dresses and jumpsuits,api-size,gb,44009506,226927363,226926372,03054335-I2026,3054/335,818,Grey,S,102,0305433581802-I2026,InStock,True,False,29.99,50.0,api,39851,WOMEN,Dresses,,87687eba-fdc3-4348-8570-972923c68698,,BANGLADESH,1,81
bershka.com,2026-09-20T13:19:08.022878+00:00,https://www.bershka.com/gb/mini-twill-dress-c0p226927363.html,226926376,Mini twill dress,https://static.bershka.net/4/photos2/818_1_1_0.jpg?ts=1786614620933,14.99,GBP,WOMEN / SALE / Bershka / Dresses and jumpsuits,api-size,gb,44009506,226927363,226926372,03054335-I2026,3054/335,818,Grey,M,103,0305433581803-I2026,InStock,True,False,29.99,50.0,api,39851,WOMEN,Dresses,,87687eba-fdc3-4348-8570-972923c68698,,BANGLADESH,1,82
bershka.com,2026-09-20T13:19:08.022885+00:00,https://www.bershka.com/gb/mini-twill-dress-c0p226927363.html,226926375,Mini twill dress,https://static.bershka.net/4/photos2/818_1_1_0.jpg?ts=1786614620933,14.99,GBP,WOMEN / SALE / Bershka / Dresses and jumpsuits,api-size,gb,44009506,226927363,226926372,03054335-I2026,3054/335,818,Grey,L,104,0305433581804-I2026,InStock,True,False,29.99,50.0,api,39851,WOMEN,Dresses,,87687eba-fdc3-4348-8570-972923c68698,,BANGLADESH,1,83
bershka.com,2026-09-20T13:19:08.022898+00:00,https://www.bershka.com/gb/mini-halter-dress-in-twill-with-corset-effect-and-bow-c0p232637544.html,232629066,Mini halter twill dress with corset effect and tie,https://static.bershka.net/4/photos2/405_1_1_0.jpg?ts=1786437006733,12.99,GBP,WOMEN / SALE / Bershka / Dresses and jumpsuits,api-size,gb,44009506,232637544,232629064,03734008-I2026,3734/008,405,Dark blue,XS,101,0373400840501-I2026,InStock,True,False,25.99,50.0,api,39854,WOMEN,Dresses,,87687eba-fdc3-4348-8570-972923c68698,,MAINLAND CHINA,1,84
bershka.com,2026-09-20T13:19:08.022904+00:00,https://www.bershka.com/gb/mini-halter-dress-in-twill-with-corset-effect-and-bow-c0p232637544.html,232629068,Mini halter twill dress with corset effect and tie,https://static.bershka.net/4/photos2/405_1_1_0.jpg?ts=1786437006733,12.99,GBP,WOMEN / SALE / Bershka / Dresses and jumpsuits,api-size,gb,44009506,232637544,232629064,03734008-I2026,3734/008,405,Dark blue,S,102,0373400840502-I2026,InStock,True,False,25.99,50.0,api,39854,WOMEN,Dresses,,87687eba-fdc3-4348-8570-972923c68698,,MAINLAND CHINA,1,85
bershka.com,2026-09-20T13:19:08.022911+00:00,https://www.bershka.com/gb/mini-halter-dress-in-twill-with-corset-effect-and-bow-c0p232637544.html,232629067,Mini halter twill dress with corset effect and tie,https://static.bershka.net/4/photos2/405_1_1_0.jpg?ts=1786437006733,12.99,GBP,WOMEN / SALE / Bershka / Dresses and jumpsuits,api-size,gb,44009506,232637544,232629064,03734008-I2026,3734/008,405,Dark blue,M,103,0373400840503-I2026,InStock,True,False,25.99,50.0,api,39854,WOMEN,Dresses,,87687eba-fdc3-4348-8570-972923c68698,,MAINLAND CHINA,1,86
bershka.com,2026-09-20T13:19:08.022918+00:00,https://www.bershka.com/gb/mini-halter-dress-in-twill-with-corset-effect-and-bow-c0p232637544.html,232629065,Mini halter twill dress with corset effect and tie,https://static.bershka.net/4/photos2/405_1_1_0.jpg?ts=1786437006733,12.99,GBP,WOMEN / SALE / Bershka / Dresses and jumpsuits,api-size,gb,44009506,232637544,232629064,03734008-I2026,3734/008,405,Dark blue,L,104,0373400840504-I2026,InStock,True,False,25.99,50.0,api,39854,WOMEN,Dresses,,87687eba-fdc3-4348-8570-972923c68698,,MAINLAND CHINA,1,87
bershka.com,2026-09-20T13:19:08.022929+00:00,https://www.bershka.com/gb/ruched-strap-midi-dress-c0p229730042.html,229706842,Ruched strap midi dress,https://static.bershka.net/4/photos2/2026/I/0/1/p/1017/714/630/1017714630_1_1_0.jpg?ts=1767962878661,11.49,GBP,WOMEN / SALE / Bershka / Dresses and jumpsuits,api-size,gb,44009506,229730042,229706836,01017714-I2026,1017/714,630,Fuchsia,XS,101,0101771463001-I2026,InStock,True,False,22.99,50.0,api,39854,WOMEN,Dresses,Dresses,87687eba-fdc3-4348-8570-972923c68698,Dresses and Jumpsuits | Long | Midi | Barrel fit | Dresses and Jumpsuits | Long,MAINLAND CHINA,1,88
bershka.com,2026-09-20T13:19:08.022938+00:00,https://www.bershka.com/gb/ruched-strap-midi-dress-c0p229730042.html,229706869,Ruched strap midi dress,https://static.bershka.net/4/photos2/2026/I/0/1/p/1017/714/630/1017714630_1_1_0.jpg?ts=1767962878661,11.49,GBP,WOMEN / SALE / Bershka / Dresses and jumpsuits,api-size,gb,44009506,229730042,229706836,01017714-I2026,1017/714,630,Fuchsia,XS,101,0101717363001-I2026,BackSoon,True,True,22.99,50.0,api,39854,WOMEN,Dresses,Dresses,87687eba-fdc3-4348-8570-972923c68698,Dresses and Jumpsuits | Long | Midi | Barrel fit | Dresses and Jumpsuits | Long,TURKEY,1,89
bershka.com,2026-09-20T13:19:08.022945+00:00,https://www.bershka.com/gb/ruched-strap-midi-dress-c0p229730042.html,229706841,Ruched strap midi dress,https://static.bershka.net/4/photos2/2026/I/0/1/p/1017/714/630/1017714630_1_1_0.jpg?ts=1767962878661,11.49,GBP,WOMEN / SALE / Bershka / Dresses and jumpsuits,api-size,gb,44009506,229730042,229706836,01017714-I2026,1017/714,630,Fuchsia,S,102,0101771463002-I2026,InStock,True,False,22.99,50.0,api,39854,WOMEN,Dresses,Dresses,87687eba-fdc3-4348-8570-972923c68698,Dresses and Jumpsuits | Long | Midi | Barrel fit | Dresses and Jumpsuits | Long,MAINLAND CHINA,1,90
bershka.com,2026-09-20T13:19:08.022952+00:00,https://www.bershka.com/gb/ruched-strap-midi-dress-c0p229730042.html,229706868,Ruched strap midi dress,https://static.bershka.net/4/photos2/2026/I/0/1/p/1017/714/630/1017714630_1_1_0.jpg?ts=1767962878661,11.49,GBP,WOMEN / SALE / Bershka / Dresses and jumpsuits,api-size,gb,44009506,229730042,229706836,01017714-I2026,1017/714,630,Fuchsia,S,102,0101717363002-I2026,InStock,True,False,22.99,50.0,api,39854,WOMEN,Dresses,Dresses,87687eba-fdc3-4348-8570-972923c68698,Dresses and Jumpsuits | Long | Midi | Barrel fit | Dresses and Jumpsuits | Long,TURKEY,1,91
bershka.com,2026-09-20T13:19:08.022959+00:00,https://www.bershka.com/gb/ruched-strap-midi-dress-c0p229730042.html,229706844,Ruched strap midi dress,https://static.bershka.net/4/photos2/2026/I/0/1/p/1017/714/630/1017714630_1_1_0.jpg?ts=1767962878661,11.49,GBP,WOMEN / SALE / Bershka / Dresses and jumpsuits,api-size,gb,44009506,229730042,229706836,01017714-I2026,1017/714,630,Fuchsia,M,103,0101771463003-I2026,InStock,True,False,22.99,50.0,api,39854,WOMEN,Dresses,Dresses,87687eba-fdc3-4348-8570-972923c68698,Dresses and Jumpsuits | Long | Midi | Barrel fit | Dresses and Jumpsuits | Long,MAINLAND CHINA,1,92
bershka.com,2026-09-20T13:19:08.022966+00:00,https://www.bershka.com/gb/ruched-strap-midi-dress-c0p229730042.html,229706871,Ruched strap midi dress,https://static.bershka.net/4/photos2/2026/I/0/1/p/1017/714/630/1017714630_1_1_0.jpg?ts=1767962878661,11.49,GBP,WOMEN / SALE / Bershka / Dresses and jumpsuits,api-size,gb,44009506,229730042,229706836,01017714-I2026,1017/714,630,Fuchsia,M,103,0101717363003-I2026,BackSoon,True,True,22.99,50.0,api,39854,WOMEN,Dresses,Dresses,87687eba-fdc3-4348-8570-972923c68698,Dresses and Jumpsuits | Long | Midi | Barrel fit | Dresses and Jumpsuits | Long,TURKEY,1,93
bershka.com,2026-09-20T13:19:08.022974+00:00,https://www.bershka.com/gb/ruched-strap-midi-dress-c0p229730042.html,229706843,Ruched strap midi dress,https://static.bershka.net/4/photos2/2026/I/0/1/p/1017/714/630/1017714630_1_1_0.jpg?ts=1767962878661,11.49,GBP,WOMEN / SALE / Bershka / Dresses and jumpsuits,api-size,gb,44009506,229730042,229706836,01017714-I2026,1017/714,630,Fuchsia,L,104,0101771463004-I2026,InStock,True,False,22.99,50.0,api,39854,WOMEN,Dresses,Dresses,87687eba-fdc3-4348-8570-972923c68698,Dresses and Jumpsuits | Long | Midi | Barrel fit | Dresses and Jumpsuits | Long,MAINLAND CHINA,1,94
bershka.com,2026-09-20T13:19:08.022980+00:00,https://www.bershka.com/gb/ruched-strap-midi-dress-c0p229730042.html,229706870,Ruched strap midi dress,https://static.bershka.net/4/photos2/2026/I/0/1/p/1017/714/630/1017714630_1_1_0.jpg?ts=1767962878661,11.49,GBP,WOMEN / SALE / Bershka / Dresses and jumpsuits,api-size,gb,44009506,229730042,229706836,01017714-I2026,1017/714,630,Fuchsia,L,104,0101717363004-I2026,InStock,True,False,22.99,50.0,api,39854,WOMEN,Dresses,Dresses,87687eba-fdc3-4348-8570-972923c68698,Dresses and Jumpsuits | Long | Midi | Barrel fit | Dresses and Jumpsuits | Long,TURKEY,1,95
bershka.com,2026-09-20T13:19:08.022987+00:00,https://www.bershka.com/gb/ruched-strap-midi-dress-c0p229730042.html,229706872,Ruched strap midi dress,https://static.bershka.net/4/photos2/2026/I/0/1/p/1017/714/630/1017714630_1_1_0.jpg?ts=1767962878661,11.49,GBP,WOMEN / SALE / Bershka / Dresses and jumpsuits,api-size,gb,44009506,229730042,229706836,01017714-I2026,1017/714,630,Fuchsia,XXL,106,0101717363006-I2026,InStock,True,False,22.99,50.0,api,39854,WOMEN,Dresses,Dresses,87687eba-fdc3-4348-8570-972923c68698,Dresses and Jumpsuits | Long | Midi | Barrel fit | Dresses and Jumpsuits | Long,TURKEY,1,96
bershka.com,2026-09-20T13:19:08.022995+00:00,https://www.bershka.com/gb/ruched-strap-midi-dress-c0p229730042.html,229706854,Ruched strap midi dress,https://static.bershka.net/4/photos2/2026/I/0/1/p/1017/714/606/1017714606_1_1_0.jpg?ts=1767962861687,22.99,GBP,WOMEN / SALE / Bershka / Dresses and jumpsuits,api-size,gb,44009506,229730042,229706836,01017714-I2026,1017/714,606,Burgundy,XS,101,0101771460601-I2026,BackSoon,True,True,,,,,WOMEN,Dresses,Dresses,87687eba-fdc3-4348-8570-972923c68698,Dresses and Jumpsuits | Long | Midi | Barrel fit | Dresses and Jumpsuits | Long,MAINLAND CHINA,1,97
bershka.com,2026-09-20T13:19:08.023002+00:00,https://www.bershka.com/gb/ruched-strap-midi-dress-c0p229730042.html,229706874,Ruched strap midi dress,https://static.bershka.net/4/photos2/2026/I/0/1/p/1017/714/606/1017714606_1_1_0.jpg?ts=1767962861687,22.99,GBP,WOMEN / SALE / Bershka / Dresses and jumpsuits,api-size,gb,44009506,229730042,229706836,01017714-I2026,1017/714,606,Burgundy,XS,101,0101717360601-I2026,InStock,True,False,,,,,WOMEN,Dresses,Dresses,87687eba-fdc3-4348-8570-972923c68698,Dresses and Jumpsuits | Long | Midi | Barrel fit | Dresses and Jumpsuits | Long,TURKEY,1,98
bershka.com,2026-09-20T13:19:08.023010+00:00,https://www.bershka.com/gb/ruched-strap-midi-dress-c0p229730042.html,229706853,Ruched strap midi dress,https://static.bershka.net/4/photos2/2026/I/0/1/p/1017/714/606/1017714606_1_1_0.jpg?ts=1767962861687,22.99,GBP,WOMEN / SALE / Bershka / Dresses and jumpsuits,api-size,gb,44009506,229730042,229706836,01017714-I2026,1017/714,606,Burgundy,S,102,0101771460602-I2026,BackSoon,True,True,,,,,WOMEN,Dresses,Dresses,87687eba-fdc3-4348-8570-972923c68698,Dresses and Jumpsuits | Long | Midi | Barrel fit | Dresses and Jumpsuits | Long,MAINLAND CHINA,1,99
bershka.com,2026-09-20T13:19:08.023017+00:00,https://www.bershka.com/gb/ruched-strap-midi-dress-c0p229730042.html,229706873,Ruched strap midi dress,https://static.bershka.net/4/photos2/2026/I/0/1/p/1017/714/606/1017714606_1_1_0.jpg?ts=1767962861687,22.99,GBP,WOMEN / SALE / Bershka / Dresses and jumpsuits,api-size,gb,44009506,229730042,229706836,01017714-I2026,1017/714,606,Burgundy,S,102,0101717360602-I2026,InStock,True,False,,,,,WOMEN,Dresses,Dresses,87687eba-fdc3-4348-8570-972923c68698,Dresses and Jumpsuits | Long | Midi | Barrel fit | Dresses and Jumpsuits | Long,TURKEY,1,100
bershka.com,2026-09-20T13:19:08.023025+00:00,https://www.bershka.com/gb/ruched-strap-midi-dress-c0p229730042.html,229706856,Ruched strap midi dress,https://static.bershka.net/4/photos2/2026/I/0/1/p/1017/714/606/1017714606_1_1_0.jpg?ts=1767962861687,22.99,GBP,WOMEN / SALE / Bershka / Dresses and jumpsuits,api-size,gb,44009506,229730042,229706836,01017714-I2026,1017/714,606,Burgundy,M,103,0101771460603-I2026,InStock,True,False,,,,,WOMEN,Dresses,Dresses,87687eba-fdc3-4348-8570-972923c68698,Dresses and Jumpsuits | Long | Midi | Barrel fit | Dresses and Jumpsuits | Long,MAINLAND CHINA,1,101
bershka.com,2026-09-20T13:19:08.023032+00:00,https://www.bershka.com/gb/ruched-strap-midi-dress-c0p229730042.html,229706876,Ruched strap midi dress,https://static.bershka.net/4/photos2/2026/I/0/1/p/1017/714/606/1017714606_1_1_0.jpg?ts=1767962861687,22.99,GBP,WOMEN / SALE / Bershka / Dresses and jumpsuits,api-size,gb,44009506,229730042,229706836,01017714-I2026,1017/714,606,Burgundy,M,103,0101717360603-I2026,InStock,True,False,,,,,WOMEN,Dresses,Dresses,87687eba-fdc3-4348-8570-972923c68698,Dresses and Jumpsuits | Long | Midi | Barrel fit | Dresses and Jumpsuits | Long,TURKEY,1,102
bershka.com,2026-09-20T13:19:08.023038+00:00,https://www.bershka.com/gb/ruched-strap-midi-dress-c0p229730042.html,229706855,Ruched strap midi dress,https://static.bershka.net/4/photos2/2026/I/0/1/p/1017/714/606/1017714606_1_1_0.jpg?ts=1767962861687,22.99,GBP,WOMEN / SALE / Bershka / Dresses and jumpsuits,api-size,gb,44009506,229730042,229706836,01017714-I2026,1017/714,606,Burgundy,L,104,0101771460604-I2026,InStock,True,False,,,,,WOMEN,Dresses,Dresses,87687eba-fdc3-4348-8570-972923c68698,Dresses and Jumpsuits | Long | Midi | Barrel fit | Dresses and Jumpsuits | Long,MAINLAND CHINA,1,103
bershka.com,2026-09-20T13:19:08.023044+00:00,https://www.bershka.com/gb/ruched-strap-midi-dress-c0p229730042.html,229706875,Ruched strap midi dress,https://static.bershka.net/4/photos2/2026/I/0/1/p/1017/714/606/1017714606_1_1_0.jpg?ts=1767962861687,22.99,GBP,WOMEN / SALE / Bershka / Dresses and jumpsuits,api-size,gb,44009506,229730042,229706836,01017714-I2026,1017/714,606,Burgundy,L,104,0101717360604-I2026,InStock,True,False,,,,,WOMEN,Dresses,Dresses,87687eba-fdc3-4348-8570-972923c68698,Dresses and Jumpsuits | Long | Midi | Barrel fit | Dresses and Jumpsuits | Long,TURKEY,1,104
bershka.com,2026-09-20T13:19:08.023051+00:00,https://www.bershka.com/gb/ruched-strap-midi-dress-c0p229730042.html,229706877,Ruched strap midi dress,https://static.bershka.net/4/photos2/2026/I/0/1/p/1017/714/606/1017714606_1_1_0.jpg?ts=1767962861687,22.99,GBP,WOMEN / SALE / Bershka / Dresses and jumpsuits,api-size,gb,44009506,229730042,229706836,01017714-I2026,1017/714,606,Burgundy,XXL,106,0101717360606-I2026,InStock,True,False,,,,,WOMEN,Dresses,Dresses,87687eba-fdc3-4348-8570-972923c68698,Dresses and Jumpsuits | Long | Midi | Barrel fit | Dresses and Jumpsuits | Long,TURKEY,1,105
bershka.com,2026-09-20T13:19:08.023058+00:00,https://www.bershka.com/gb/ruched-strap-midi-dress-c0p229730042.html,229706845,Ruched strap midi dress,https://static.bershka.net/4/photos2/2026/I/0/1/p/1017/714/675/1017714675_1_1_0.jpg?ts=1770908332292,22.99,GBP,WOMEN / SALE / Bershka / Dresses and jumpsuits,api-size,gb,44009506,229730042,229706836,01017714-I2026,1017/714,675,Coral,XS,101,0101771467501-I2026,InStock,True,False,,,,,WOMEN,Dresses,Dresses,87687eba-fdc3-4348-8570-972923c68698,Dresses and Jumpsuits | Long | Midi | Barrel fit | Dresses and Jumpsuits | Long,MAINLAND CHINA,1,106
bershka.com,2026-09-20T13:19:08.023065+00:00,https://www.bershka.com/gb/ruched-strap-midi-dress-c0p229730042.html,229706858,Ruched strap midi dress,https://static.bershka.net/4/photos2/2026/I/0/1/p/1017/714/675/1017714675_1_1_0.jpg?ts=1770908332292,22.99,GBP,WOMEN / SALE / Bershka / Dresses and jumpsuits,api-size,gb,44009506,229730042,229706836,01017714-I2026,1017/714,675,Coral,XS,101,0101717367501-I2026,InStock,True,False,,,,,WOMEN,Dresses,Dresses,87687eba-fdc3-4348-8570-972923c68698,Dresses and Jumpsuits | Long | Midi | Barrel fit | Dresses and Jumpsuits | Long,TURKEY,1,107
bershka.com,2026-09-20T13:19:08.023071+00:00,https://www.bershka.com/gb/ruched-strap-midi-dress-c0p229730042.html,229706847,Ruched strap midi dress,https://static.bershka.net/4/photos2/2026/I/0/1/p/1017/714/675/1017714675_1_1_0.jpg?ts=1770908332292,22.99,GBP,WOMEN / SALE / Bershka / Dresses and jumpsuits,api-size,gb,44009506,229730042,229706836,01017714-I2026,1017/714,675,Coral,S,102,0101771467502-I2026,InStock,True,False,,,,,WOMEN,Dresses,Dresses,87687eba-fdc3-4348-8570-972923c68698,Dresses and Jumpsuits | Long | Midi | Barrel fit | Dresses and Jumpsuits | Long,MAINLAND CHINA,1,108
bershka.com,2026-09-20T13:19:08.023079+00:00,https://www.bershka.com/gb/ruched-strap-midi-dress-c0p229730042.html,229706860,Ruched strap midi dress,https://static.bershka.net/4/photos2/2026/I/0/1/p/1017/714/675/1017714675_1_1_0.jpg?ts=1770908332292,22.99,GBP,WOMEN / SALE / Bershka / Dresses and jumpsuits,api-size,gb,44009506,229730042,229706836,01017714-I2026,1017/714,675,Coral,S,102,0101717367502-I2026,InStock,True,False,,,,,WOMEN,Dresses,Dresses,87687eba-fdc3-4348-8570-972923c68698,Dresses and Jumpsuits | Long | Midi | Barrel fit | Dresses and Jumpsuits | Long,TURKEY,1,109
bershka.com,2026-09-20T13:19:08.023086+00:00,https://www.bershka.com/gb/ruched-strap-midi-dress-c0p229730042.html,229706846,Ruched strap midi dress,https://static.bershka.net/4/photos2/2026/I/0/1/p/1017/714/675/1017714675_1_1_0.jpg?ts=1770908332292,22.99,GBP,WOMEN / SALE / Bershka / Dresses and jumpsuits,api-size,gb,44009506,229730042,229706836,01017714-I2026,1017/714,675,Coral,M,103,0101771467503-I2026,InStock,True,False,,,,,WOMEN,Dresses,Dresses,87687eba-fdc3-4348-8570-972923c68698,Dresses and Jumpsuits | Long | Midi | Barrel fit | Dresses and Jumpsuits | Long,MAINLAND CHINA,1,110
bershka.com,2026-09-20T13:19:08.023093+00:00,https://www.bershka.com/gb/ruched-strap-midi-dress-c0p229730042.html,229706859,Ruched strap midi dress,https://static.bershka.net/4/photos2/2026/I/0/1/p/1017/714/675/1017714675_1_1_0.jpg?ts=1770908332292,22.99,GBP,WOMEN / SALE / Bershka / Dresses and jumpsuits,api-size,gb,44009506,229730042,229706836,01017714-I2026,1017/714,675,Coral,M,103,0101717367503-I2026,InStock,True,False,,,,,WOMEN,Dresses,Dresses,87687eba-fdc3-4348-8570-972923c68698,Dresses and Jumpsuits | Long | Midi | Barrel fit | Dresses and Jumpsuits | Long,TURKEY,1,111
bershka.com,2026-09-20T13:19:08.023099+00:00,https://www.bershka.com/gb/ruched-strap-midi-dress-c0p229730042.html,229706848,Ruched strap midi dress,https://static.bershka.net/4/photos2/2026/I/0/1/p/1017/714/675/1017714675_1_1_0.jpg?ts=1770908332292,22.99,GBP,WOMEN / SALE / Bershka / Dresses and jumpsuits,api-size,gb,44009506,229730042,229706836,01017714-I2026,1017/714,675,Coral,L,104,0101771467504-I2026,InStock,True,False,,,,,WOMEN,Dresses,Dresses,87687eba-fdc3-4348-8570-972923c68698,Dresses and Jumpsuits | Long | Midi | Barrel fit | Dresses and Jumpsuits | Long,MAINLAND CHINA,1,112
bershka.com,2026-09-20T13:19:08.023105+00:00,https://www.bershka.com/gb/ruched-strap-midi-dress-c0p229730042.html,229706861,Ruched strap midi dress,https://static.bershka.net/4/photos2/2026/I/0/1/p/1017/714/675/1017714675_1_1_0.jpg?ts=1770908332292,22.99,GBP,WOMEN / SALE / Bershka / Dresses and jumpsuits,api-size,gb,44009506,229730042,229706836,01017714-I2026,1017/714,675,Coral,L,104,0101717367504-I2026,InStock,True,False,,,,,WOMEN,Dresses,Dresses,87687eba-fdc3-4348-8570-972923c68698,Dresses and Jumpsuits | Long | Midi | Barrel fit | Dresses and Jumpsuits | Long,TURKEY,1,113
bershka.com,2026-09-20T13:19:08.023113+00:00,https://www.bershka.com/gb/ruched-strap-midi-dress-c0p229730042.html,229706862,Ruched strap midi dress,https://static.bershka.net/4/photos2/2026/I/0/1/p/1017/714/675/1017714675_1_1_0.jpg?ts=1770908332292,22.99,GBP,WOMEN / SALE / Bershka / Dresses and jumpsuits,api-size,gb,44009506,229730042,229706836,01017714-I2026,1017/714,675,Coral,XXL,106,0101717367506-I2026,InStock,True,False,,,,,WOMEN,Dresses,Dresses,87687eba-fdc3-4348-8570-972923c68698,Dresses and Jumpsuits | Long | Midi | Barrel fit | Dresses and Jumpsuits | Long,TURKEY,1,114
bershka.com,2026-09-20T13:19:08.023120+00:00,https://www.bershka.com/gb/ruched-strap-midi-dress-c0p229730042.html,229706832,Ruched strap midi dress,https://static.bershka.net/4/photos2/2026/I/0/1/p/1017/714/717/1017714717_2_1_0.jpg?ts=1778148215418,22.99,GBP,WOMEN / SALE / Bershka / Dresses and jumpsuits,api-size,gb,44009506,229730042,229706836,01017714-I2026,1017/714,717,Brown,XS,101,0101772571701-I2026,InStock,True,False,,,,,WOMEN,Dresses,Dresses,87687eba-fdc3-4348-8570-972923c68698,Dresses and Jumpsuits | Long | Midi | Barrel fit | Dresses and Jumpsuits | Long,CAMBODIA,1,115
bershka.com,2026-09-20T13:19:08.023126+00:00,https://www.bershka.com/gb/ruched-strap-midi-dress-c0p229730042.html,229706849,Ruched strap midi dress,https://static.bershka.net/4/photos2/2026/I/0/1/p/1017/714/717/1017714717_2_1_0.jpg?ts=1778148215418,22.99,GBP,WOMEN / SALE / Bershka / Dresses and jumpsuits,api-size,gb,44009506,229730042,229706836,01017714-I2026,1017/714,717,Brown,XS,101,0101771471701-I2026,InStock,True,False,,,,,WOMEN,Dresses,Dresses,87687eba-fdc3-4348-8570-972923c68698,Dresses and Jumpsuits | Long | Midi | Barrel fit | Dresses and Jumpsuits | Long,MAINLAND CHINA,1,116
bershka.com,2026-09-20T13:19:08.023133+00:00,https://www.bershka.com/gb/ruched-strap-midi-dress-c0p229730042.html,229706834,Ruched strap midi dress,https://static.bershka.net/4/photos2/2026/I/0/1/p/1017/714/717/1017714717_2_1_0.jpg?ts=1778148215418,22.99,GBP,WOMEN / SALE / Bershka / Dresses and jumpsuits,api-size,gb,44009506,229730042,229706836,01017714-I2026,1017/714,717,Brown,S,102,0101772571702-I2026,InStock,True,False,,,,,WOMEN,Dresses,Dresses,87687eba-fdc3-4348-8570-972923c68698,Dresses and Jumpsuits | Long | Midi | Barrel fit | Dresses and Jumpsuits | Long,CAMBODIA,1,117
bershka.com,2026-09-20T13:19:08.023139+00:00,https://www.bershka.com/gb/ruched-strap-midi-dress-c0p229730042.html,229706851,Ruched strap midi dress,https://static.bershka.net/4/photos2/2026/I/0/1/p/1017/714/717/1017714717_2_1_0.jpg?ts=1778148215418,22.99,GBP,WOMEN / SALE / Bershka / Dresses and jumpsuits,api-size,gb,44009506,229730042,229706836,01017714-I2026,1017/714,717,Brown,S,102,0101771471702-I2026,InStock,True,False,,,,,WOMEN,Dresses,Dresses,87687eba-fdc3-4348-8570-972923c68698,Dresses and Jumpsuits | Long | Midi | Barrel fit | Dresses and Jumpsuits | Long,MAINLAND CHINA,1,118
bershka.com,2026-09-20T13:19:08.023147+00:00,https://www.bershka.com/gb/ruched-strap-midi-dress-c0p229730042.html,229706833,Ruched strap midi dress,https://static.bershka.net/4/photos2/2026/I/0/1/p/1017/714/717/1017714717_2_1_0.jpg?ts=1778148215418,22.99,GBP,WOMEN / SALE / Bershka / Dresses and jumpsuits,api-size,gb,44009506,229730042,229706836,01017714-I2026,1017/714,717,Brown,M,103,0101772571703-I2026,InStock,True,False,,,,,WOMEN,Dresses,Dresses,87687eba-fdc3-4348-8570-972923c68698,Dresses and Jumpsuits | Long | Midi | Barrel fit | Dresses and Jumpsuits | Long,CAMBODIA,1,119
bershka.com,2026-09-20T13:19:08.023153+00:00,https://www.bershka.com/gb/ruched-strap-midi-dress-c0p229730042.html,229706850,Ruched strap midi dress,https://static.bershka.net/4/photos2/2026/I/0/1/p/1017/714/717/1017714717_2_1_0.jpg?ts=1778148215418,22.99,GBP,WOMEN / SALE / Bershka / Dresses and jumpsuits,api-size,gb,44009506,229730042,229706836,01017714-I2026,1017/714,717,Brown,M,103,0101771471703-I2026,InStock,True,False,,,,,WOMEN,Dresses,Dresses,87687eba-fdc3-4348-8570-972923c68698,Dresses and Jumpsuits | Long | Midi | Barrel fit | Dresses and Jumpsuits | Long,MAINLAND CHINA,1,120
bershka.com,2026-09-20T13:19:08.023160+00:00,https://www.bershka.com/gb/ruched-strap-midi-dress-c0p229730042.html,229706835,Ruched strap midi dress,https://static.bershka.net/4/photos2/2026/I/0/1/p/1017/714/717/1017714717_2_1_0.jpg?ts=1778148215418,22.99,GBP,WOMEN / SALE / Bershka / Dresses and jumpsuits,api-size,gb,44009506,229730042,229706836,01017714-I2026,1017/714,717,Brown,L,104,0101772571704-I2026,InStock,True,False,,,,,WOMEN,Dresses,Dresses,87687eba-fdc3-4348-8570-972923c68698,Dresses and Jumpsuits | Long | Midi | Barrel fit | Dresses and Jumpsuits | Long,CAMBODIA,1,121
bershka.com,2026-09-20T13:19:08.023168+00:00,https://www.bershka.com/gb/ruched-strap-midi-dress-c0p229730042.html,229706852,Ruched strap midi dress,https://static.bershka.net/4/photos2/2026/I/0/1/p/1017/714/717/1017714717_2_1_0.jpg?ts=1778148215418,22.99,GBP,WOMEN / SALE / Bershka / Dresses and jumpsuits,api-size,gb,44009506,229730042,229706836,01017714-I2026,1017/714,717,Brown,L,104,0101771471704-I2026,InStock,True,False,,,,,WOMEN,Dresses,Dresses,87687eba-fdc3-4348-8570-972923c68698,Dresses and Jumpsuits | Long | Midi | Barrel fit | Dresses and Jumpsuits | Long,MAINLAND CHINA,1,122
bershka.com,2026-09-20T13:19:08.023174+00:00,https://www.bershka.com/gb/ruched-strap-midi-dress-c0p229730042.html,229706838,Ruched strap midi dress,https://static.bershka.net/4/photos2/2026/I/0/1/p/1017/714/800/1017714800_1_1_0.jpg?ts=1767962875082,22.99,GBP,WOMEN / SALE / Bershka / Dresses and jumpsuits,api-size,gb,44009506,229730042,229706836,01017714-I2026,1017/714,800,Black,XS,101,0101771480001-I2026,BackSoon,True,True,,,,,WOMEN,Dresses,Dresses,87687eba-fdc3-4348-8570-972923c68698,Dresses and Jumpsuits | Long | Midi | Barrel fit | Dresses and Jumpsuits | Long,MAINLAND CHINA,1,123
bershka.com,2026-09-20T13:19:08.023181+00:00,https://www.bershka.com/gb/ruched-strap-midi-dress-c0p229730042.html,229706864,Ruched strap midi dress,https://static.bershka.net/4/photos2/2026/I/0/1/p/1017/714/800/1017714800_1_1_0.jpg?ts=1767962875082,22.99,GBP,WOMEN / SALE / Bershka / Dresses and jumpsuits,api-size,gb,44009506,229730042,229706836,01017714-I2026,1017/714,800,Black,XS,101,0101717380001-I2026,InStock,True,False,,,,,WOMEN,Dresses,Dresses,87687eba-fdc3-4348-8570-972923c68698,Dresses and Jumpsuits | Long | Midi | Barrel fit | Dresses and Jumpsuits | Long,TURKEY,1,124
bershka.com,2026-09-20T13:19:08.023187+00:00,https://www.bershka.com/gb/ruched-strap-midi-dress-c0p229730042.html,229706837,Ruched strap midi dress,https://static.bershka.net/4/photos2/2026/I/0/1/p/1017/714/800/1017714800_1_1_0.jpg?ts=1767962875082,22.99,GBP,WOMEN / SALE / Bershka / Dresses and jumpsuits,api-size,gb,44009506,229730042,229706836,01017714-I2026,1017/714,800,Black,S,102,0101771480002-I2026,InStock,True,False,,,,,WOMEN,Dresses,Dresses,87687eba-fdc3-4348-8570-972923c68698,Dresses and Jumpsuits | Long | Midi | Barrel fit | Dresses and Jumpsuits | Long,MAINLAND CHINA,1,125
bershka.com,2026-09-20T13:19:08.023193+00:00,https://www.bershka.com/gb/ruched-strap-midi-dress-c0p229730042.html,229706863,Ruched strap midi dress,https://static.bershka.net/4/photos2/2026/I/0/1/p/1017/714/800/1017714800_1_1_0.jpg?ts=1767962875082,22.99,GBP,WOMEN / SALE / Bershka / Dresses and jumpsuits,api-size,gb,44009506,229730042,229706836,01017714-I2026,1017/714,800,Black,S,102,0101717380002-I2026,InStock,True,False,,,,,WOMEN,Dresses,Dresses,87687eba-fdc3-4348-8570-972923c68698,Dresses and Jumpsuits | Long | Midi | Barrel fit | Dresses and Jumpsuits | Long,TURKEY,1,126
bershka.com,2026-09-20T13:19:08.023200+00:00,https://www.bershka.com/gb/ruched-strap-midi-dress-c0p229730042.html,229706840,Ruched strap midi dress,https://static.bershka.net/4/photos2/2026/I/0/1/p/1017/714/800/1017714800_1_1_0.jpg?ts=1767962875082,22.99,GBP,WOMEN / SALE / Bershka / Dresses and jumpsuits,api-size,gb,44009506,229730042,229706836,01017714-I2026,1017/714,800,Black,M,103,0101771480003-I2026,InStock,True,False,,,,,WOMEN,Dresses,Dresses,87687eba-fdc3-4348-8570-972923c68698,Dresses and Jumpsuits | Long | Midi | Barrel fit | Dresses and Jumpsuits | Long,MAINLAND CHINA,1,127
bershka.com,2026-09-20T13:19:08.023206+00:00,https://www.bershka.com/gb/ruched-strap-midi-dress-c0p229730042.html,229706866,Ruched strap midi dress,https://static.bershka.net/4/photos2/2026/I/0/1/p/1017/714/800/1017714800_1_1_0.jpg?ts=1767962875082,22.99,GBP,WOMEN / SALE / Bershka / Dresses and jumpsuits,api-size,gb,44009506,229730042,229706836,01017714-I2026,1017/714,800,Black,M,103,0101717380003-I2026,InStock,True,False,,,,,WOMEN,Dresses,Dresses,87687eba-fdc3-4348-8570-972923c68698,Dresses and Jumpsuits | Long | Midi | Barrel fit | Dresses and Jumpsuits | Long,TURKEY,1,128
bershka.com,2026-09-20T13:19:08.023214+00:00,https://www.bershka.com/gb/ruched-strap-midi-dress-c0p229730042.html,229706839,Ruched strap midi dress,https://static.bershka.net/4/photos2/2026/I/0/1/p/1017/714/800/1017714800_1_1_0.jpg?ts=1767962875082,22.99,GBP,WOMEN / SALE / Bershka / Dresses and jumpsuits,api-size,gb,44009506,229730042,229706836,01017714-I2026,1017/714,800,Black,L,104,0101771480004-I2026,InStock,True,False,,,,,WOMEN,Dresses,Dresses,87687eba-fdc3-4348-8570-972923c68698,Dresses and Jumpsuits | Long | Midi | Barrel fit | Dresses and Jumpsuits | Long,MAINLAND CHINA,1,129
bershka.com,2026-09-20T13:19:08.023221+00:00,https://www.bershka.com/gb/ruched-strap-midi-dress-c0p229730042.html,229706865,Ruched strap midi dress,https://static.bershka.net/4/photos2/2026/I/0/1/p/1017/714/800/1017714800_1_1_0.jpg?ts=1767962875082,22.99,GBP,WOMEN / SALE / Bershka / Dresses and jumpsuits,api-size,gb,44009506,229730042,229706836,01017714-I2026,1017/714,800,Black,L,104,0101717380004-I2026,InStock,True,False,,,,,WOMEN,Dresses,Dresses,87687eba-fdc3-4348-8570-972923c68698,Dresses and Jumpsuits | Long | Midi | Barrel fit | Dresses and Jumpsuits | Long,TURKEY,1,130
bershka.com,2026-09-20T13:19:08.023228+00:00,https://www.bershka.com/gb/ruched-strap-midi-dress-c0p229730042.html,229706867,Ruched strap midi dress,https://static.bershka.net/4/photos2/2026/I/0/1/p/1017/714/800/1017714800_1_1_0.jpg?ts=1767962875082,22.99,GBP,WOMEN / SALE / Bershka / Dresses and jumpsuits,api-size,gb,44009506,229730042,229706836,01017714-I2026,1017/714,800,Black,XXL,106,0101717380006-I2026,InStock,True,False,,,,,WOMEN,Dresses,Dresses,87687eba-fdc3-4348-8570-972923c68698,Dresses and Jumpsuits | Long | Midi | Barrel fit | Dresses and Jumpsuits | Long,TURKEY,1,131
